Environmental_variable,Source,Description,Analized_timeframe,,,,,,,,
Latitude,Latitude,Latitude,NA,,,,,,,,
Longitude,Longitude,Longitude,NA,,,,,,,,
CO_Spring,Measurements_of_Pollution_In_The_Troposphere_(MOPITT),MOPITT Carbon monoxide spring,2001-2010,,,,,,,,
CO_Summer,Measurements_of_Pollution_In_The_Troposphere_(MOPITT),MOPITT Carbon monoxide summer,2001-2010,,,,,,,,
NO2_Spring,Ozone_Monitoring_Instrument_(OMI),OMI Nitrogen dioxide spring,2004-2010,,,,,,,,
NO2_Summer,Ozone_Monitoring_Instrument_(OMI),OMI Nitrogen dioxide summer,2004-2010,,,,,,,,
O3_Spring,Ozone_Monitoring_Instrument_(OMI),OMI Ozone spring,2004-2010,,,,,,,,
O3_Summer,Ozone_Monitoring_Instrument_(OMI),OMI Ozone summer,2004-2010,,,,,,,,
SIB3_carbon_flux_spring,SiB3_Modeled_Global_1-degree_Hourly_Biosphere-Atmosphere_Carbon_Flux,SIB3 carbon flux spring,1998-2006,,,,,,,,
SIB3_carbon_flux_summer,SiB3_Modeled_Global_1-degree_Hourly_Biosphere-Atmosphere_Carbon_Flux,SIB3 carbon flux summer,1998-2006,,,,,,,,
UV_index_spring,Ozone_Monitoring_Instrument_(OMI),OMI UV index spring,2004-2010,,,,,,,,
UV_index_Summer,Ozone_Monitoring_Instrument_(OMI),OMI UV index summer,2004-2010,,,,,,,,
Solar_insolation_spring,Clouds_and_Earth's_Radiant_Energy_System_(CERES),CERES Solar insolation spring,2006-2010,,,,,,,,
Solar_insolation_summer,Clouds_and_Earth's_Radiant_Energy_System_(CERES),CERES Solar insolation summer,2006-2010,,,,,,,,
Net_radiation_spring,FLASHFlux,FLASHFlux Net radiation spring,2006-2011,,,,,,,,
Net_radiation_summer,FLASHFlux,FLASHFlux Net radiation summer,2006-2011,,,,,,,,
Water_equivalent_anomaly_Spring,Gravity_Recovery_and_Climate_Experiment_(GRACE),GRACE Water equivalent anomaly spring,2002-2010,,,,,,,,
Water_equivalent_anomaly_Summer,Gravity_Recovery_and_Climate_Experiment_(GRACE),GRACE Water equivalent anomaly summer,2002-2010,,,,,,,,
Rainfall_spring,Tropical_Rainfall_Monitoring_Mission_(TRMM),TRMM Rainfall spring,2001-2010,,,,,,,,
Rainfall_summer,Tropical_Rainfall_Monitoring_Mission_(TRMM),TRMM Rainfall summer,2001-2010,,,,,,,,
Precipitable_water_spring,Moderate-resolution_imaging_spectroradiometer_(MODIS):_MOD05L2,MOD05L2 Total precipitable water (water vapor) spring,2002-2010,,,,,,,,
Precipitable_water_summer,Moderate-resolution_imaging_spectroradiometer_(MODIS):_MOD05L2,MOD05L2 Total precipitable water (water vapor) summer,2002-2010,,,,,,,,
LTemp_day_spring,Moderate-resolution_imaging_spectroradiometer_(MODIS):_MOD11C3,MOD11C3 Average land surface day temperature spring,2001-2010,,,,,,,,
LTemp_day_summer,Moderate-resolution_imaging_spectroradiometer_(MODIS):_MOD11C3,MOD11C3 Average land surface day temperature summer,2001-2010,,,,,,,,
Ltemp_night_spring,Moderate-resolution_imaging_spectroradiometer_(MODIS):_MOD11C3,MOD11C3 Average land surface night temperature spring,2001-2010,,,,,,,,
Ltemp_night_summer,Moderate-resolution_imaging_spectroradiometer_(MODIS):_MOD11C3,MOD11C3 Average land Surface night temperature summer,2001-2010,,,,,,,,
NDVI_Spring,Moderate-resolution_imaging_spectroradiometer_(MODIS):_MOD13Q1,MOD13Q1 Normalized difference vegetation index spring,2001-2010,,,,,,,,
NDVI_Summer,Moderate-resolution_imaging_spectroradiometer_(MODIS):_MOD13Q1,MOD13Q1 Normalized difference vegetation index summer,2001-2010,,,,,,,,
LAI_Spring,Moderate-resolution_imaging_spectroradiometer_(MODIS):_MOD15A2,MOD16A2 Leaf area index during spring,2001-2010,,,,,,,,
LAI_Summer,Moderate-resolution_imaging_spectroradiometer_(MODIS):_MOD15A2,MOD16A2 Leaf area index during summer,2001-2010,,,,,,,,
MOD16A2_PET,Moderate-resolution_imaging_spectroradiometer_(MODIS):_MOD16A2,MOD16A2 Global potential evapotranspiration (PET),2000-2006,,,,,,,,
MOD16A2_ET,Moderate-resolution_imaging_spectroradiometer_(MODIS):_MOD16A2,MOD16A2 Global evapotranspiration (ET),2000-2006,,,,,,,,
MOD16A2_LE,Moderate-resolution_imaging_spectroradiometer_(MODIS):_MOD16A2,MOD16A2 Global latent heat flux (LE),2000-2006,,,,,,,,
MOD16A2_Aridity_index,Moderate-resolution_imaging_spectroradiometer_(MODIS):_MOD16A2,MOD16A2 Aridity index ,2001-2013,,,,,,,,
MOD16A2_Climatic_water_deficit,Moderate-resolution_imaging_spectroradiometer_(MODIS):_MOD16A2,MOD16A2 Climatic water deficity ,2001-2013,,,,,,,,
MOD16A2_Number_of_dry_months,Moderate-resolution_imaging_spectroradiometer_(MODIS):_MOD16A2,MOD16A2 Number of dry months,2001-2013,,,,,,,,
GPP_Spring,Moderate-resolution_imaging_spectroradiometer_(MODIS):_MOD17A2,MOD17A2 Gross primary productivity spring,2001-2010,,,,,,,,
GPP_Summer,Moderate-resolution_imaging_spectroradiometer_(MODIS):_MOD17A2,MOD17A2 Gross primary productivity summer,2001-2010,,,,,,,,
NPP_Spring,Moderate-resolution_imaging_spectroradiometer_(MODIS):_MOD17A2,MOD17A2 Net primary productivity spring,2001-2010,,,,,,,,
NPP_Summer,Moderate-resolution_imaging_spectroradiometer_(MODIS):_MOD17A2,MOD17A2 Net primary productivity summer,2001-2010,,,,,,,,
Topography,GTOPO30,GTOPO30 Topography,1999,,,,,,,,
SRTM_Elevation,NASA_Shuttle_Radar_Topographic_Mission_(SRTM),SRTM 90m Digital Elevation Database v4.1,2008,,,,,,,,
SMT_Spring,AVHRR_Vegetation_Health_Product_(NOAA_STAR),AVHRR Smoothed Brightness Temperature summer,1981–2010,,,,,,,,
SMT_Summer,AVHRR_Vegetation_Health_Product_(NOAA_STAR),AVHRR Smoothed Brightness Temperature spring,1981–2010,,,,,,,,
SMN_Spring,AVHRR_Vegetation_Health_Product_(NOAA_STAR),AVHRR Smoothed NDVI spring,1981–2010,,,,,,,,
SMN_Summer,AVHRR_Vegetation_Health_Product_(NOAA_STAR),AVHRR Smoothed NDVI summer,1981–2010,,,,,,,,
TCI_Spring,AVHRR_Vegetation_Health_Product_(NOAA_STAR),AVHRR Temperature Condition Index spring,1981–2010,,,,,,,,
TCI_Summer,AVHRR_Vegetation_Health_Product_(NOAA_STAR),AVHRR Temperature Condition Index summer,1981–2010,,,,,,,,
VCI_Spring,AVHRR_Vegetation_Health_Product_(NOAA_STAR),AVHRR Vegetation Condition Index spring,1981–2010,,,,,,,,
VCI_Summer,AVHRR_Vegetation_Health_Product_(NOAA_STAR),AVHRR Vegetation Condition Index summer,1981–2010,,,,,,,,
VHI_Spring,AVHRR_Vegetation_Health_Product_(NOAA_STAR),AVHRR Vegetation Health Index spring,1981–2010,,,,,,,,
VHI_Summer,AVHRR_Vegetation_Health_Product_(NOAA_STAR),AVHRR Vegetation Health Index summer,1981–2010,,,,,,,,
CO2_Emissions,The_International_Satellite_Land_Surface_Climatology_Project_(ISLSCP_II),ISLSCP II CO2 EMISSIONS,1986-1995,,,,,,,,
WB_PVOUT,WORLD_BANK_Global_Solar_Atlas,WORLD BANK Photovoltaic power potential ,1994/1999/2007 (depending on the region) to 2015 ,,,,,,,,
WB_GHI,WORLD_BANK_Global_Solar_Atlas,WORLD BANK Global horizontal irradiation,1994/1999/2007 (depending on the region) to 2015 ,,,,,,,,
WB_DIF,WORLD_BANK_Global_Solar_Atlas,WORLD BANK Diffuse horizontal irradiation,1994/1999/2007 (depending on the region) to 2015 ,,,,,,,,
WB_GTI,WORLD_BANK_Global_Solar_Atlas,WORLD BANK Global irradiation for optimally tilted surface,1994/1999/2007 (depending on the region) to 2015 ,,,,,,,,
WB_OPTA,WORLD_BANK_Global_Solar_Atlas,WORLD BANK Optimum tilt to maximize yearly yield,NA,,,,,,,,
WB_DNI,WORLD_BANK_Global_Solar_Atlas,WORLD BANK Direct normal irradiation,1994/1999/2007 (depending on the region) to 2015 ,,,,,,,,
WB_TEMP,WORLD_BANK_Global_Solar_Atlas,WORLD BANK Air temperature at 2 m above ground level,1994-2015 ,,,,,,,,
WB_ELE,WORLD_BANK_Global_Solar_Atlas,WORLD BANK Terrain elevation above sea level,NA,,,,,,,,
GPCC_Spring,GPCC_Global_Precipitation_Climatology_Centre__Full_Data_Reanalysis_Version_7,GPCC Precipitation spring,1951-2000,,,,,,,,
GPCC_Summer,GPCC_Global_Precipitation_Climatology_Centre__Full_Data_Reanalysis_Version_7,GPCC Precipitation summer,1951-2000,,,,,,,,
WC2_Tmin_spring,WorldClim_Version2,WorldClim Minimum temperature spring,1970-2000,,,,,,,,
WC2_Tmin_summer,WorldClim_Version2,WorldClim Minimum temperature summer,1970-2000,,,,,,,,
WC2_Tmax_spring,WorldClim_Version2,WorldClim Maximum temperature spring,1970-2000,,,,,,,,
WC2_Tmax_summer,WorldClim_Version2,WorldClim Maximum temperature summer,1970-2000,,,,,,,,
WC2_Average_temperature_spring,WorldClim_Version2,WorldClim average temperature spring,1970-2000,,,,,,,,
WC2_Average_temperature_summer,WorldClim_Version2,WorldClim average temperature summer,1970-2000,,,,,,,,
WC2_Pre_spring,WorldClim_Version2,WorldClim precipitation spring,1970-2000,,,,,,,,
WC2_Pre_summer,WorldClim_Version2,WorldClim precipitation summer,1970-2000,,,,,,,,
WC2_Solar_radiation_spring,WorldClim_Version2,WorldClim solar radiation spring,1970-2000,,,,,,,,
WC2_Solar_radiation_summer,WorldClim_Version2,WorldClim solar radiation summer,1970-2000,,,,,,,,
WC2_Water_vapor_pressure_spring,WorldClim_Version2,WorldClim water Vapor Pressure Spring,1970-2000,,,,,,,,
WC2_Water_vapor_pressure_summer,WorldClim_Version2,WorldClim water Vapor Pressure Summer,1970-2000,,,,,,,,
WC2_BIO1,WorldClim_Version2,WorldClim BIO1 = Annual mean temperature,1970-2000,,,,,,,,
WC2_BIO2,WorldClim_Version2,WorldClim BIO2 = Mean diurnal range,1970-2000,,,,,,,,
WC2_BIO3,WorldClim_Version2,WorldClim BIO3 = Isothermality,1970-2000,,,,,,,,
WC2_BIO4,WorldClim_Version2,WorldClim BIO4 = Temperature seasonality,1970-2000,,,,,,,,
WC2_BIO5,WorldClim_Version2,WorldClim BIO5 = Max temperature of warmest month,1970-2000,,,,,,,,
WC2_BIO6,WorldClim_Version2,WorldClim BIO6 = Min temperature of coldest month,1970-2000,,,,,,,,
WC2_BIO7,WorldClim_Version2,WorldClim BIO7 = Temperature annual range,1970-2000,,,,,,,,
WC2_BIO8,WorldClim_Version2,WorldClim BIO8 = Mean temperature of wettest quarter,1970-2000,,,,,,,,
WC2_BIO9,WorldClim_Version2,WorldClim BIO9 = Mean temperature of driest quarter,1970-2000,,,,,,,,
WC2_BIO10,WorldClim_Version2,WorldClim BIO10 = Mean temperature of warmest quarter,1970-2000,,,,,,,,
WC2_BIO11,WorldClim_Version2,WorldClim BIO11 = Mean temperature of coldest quarter,1970-2000,,,,,,,,
WC2_BIO12,WorldClim_Version2,WorldClim BIO12 = Annual precipitation,1970-2000,,,,,,,,
WC2_BIO13,WorldClim_Version2,WorldClim BIO13 = Precipitation of wettest month,1970-2000,,,,,,,,
WC2_BIO14,WorldClim_Version2,WorldClim BIO14 = Precipitation of driest month,1970-2000,,,,,,,,
WC2_BIO15,WorldClim_Version2,WorldClim BIO15 = Precipitation seasonality,1970-2000,,,,,,,,
WC2_BIO16,WorldClim_Version2,WorldClim BIO16 = Precipitation of wettest quarter,1970-2000,,,,,,,,
WC2_BIO17,WorldClim_Version2,WorldClim BIO17 = Precipitation of driest quarter,1970-2000,,,,,,,,
WC2_BIO18,WorldClim_Version2,WorldClim BIO18 = Precipitation of warmest quarter,1970-2000,,,,,,,,
WC2_BIO19,WorldClim_Version2,WorldClimBIO19 = Precipitation of coldest quarter,1970-2000,,,,,,,,
CHELSA_Tmin_spring,CHELSA_(Climatologies_at_high_resolution_for_the_earths_land_surface_areas),CHELSA Minimum temperature spring,1979-2013,,,,,,,,
CHELSA_Tmin_summer,CHELSA_(Climatologies_at_high_resolution_for_the_earths_land_surface_areas),CHELSA Minimum temperature summer,1979-2013,,,,,,,,
CHELSA_Tmax_spring,CHELSA_(Climatologies_at_high_resolution_for_the_earths_land_surface_areas),CHELSA Maximum temperature spring,1979-2013,,,,,,,,
CHELSA_Tmax_summer,CHELSA_(Climatologies_at_high_resolution_for_the_earths_land_surface_areas),CHELSA Maximum temperature summer,1979-2013,,,,,,,,
CHELSA_Tmean_spring,CHELSA_(Climatologies_at_high_resolution_for_the_earths_land_surface_areas),CHELSA Average temperature spring,1979-2013,,,,,,,,
CHELSA_Tmean_summer,CHELSA_(Climatologies_at_high_resolution_for_the_earths_land_surface_areas),CHELSA Average temperature summer,1979-2013,,,,,,,,
CHELSA_Interann_Temp,CHELSA_(Climatologies_at_high_resolution_for_the_earths_land_surface_areas),CHELSA Interannual Temperature ,1979-2013,,,,,,,,
CHELSA_Pre_spring,CHELSA_(Climatologies_at_high_resolution_for_the_earths_land_surface_areas),CHELSA Precipitation Spring,1979-2013,,,,,,,,
CHELSA_Pre_summer,CHELSA_(Climatologies_at_high_resolution_for_the_earths_land_surface_areas),CHELSA Precipitation Summer,1979-2013,,,,,,,,
CHELSA_Interann_pre,CHELSA_(Climatologies_at_high_resolution_for_the_earths_land_surface_areas),CHELSA Interannual precipitation ,1979-2013,,,,,,,,
CHELSA_BIO1,CHELSA_(Climatologies_at_high_resolution_for_the_earths_land_surface_areas),CHELSA BIO1 = Annual mean temperature,1979-2013,,,,,,,,
CHELSA_BIO2,CHELSA_(Climatologies_at_high_resolution_for_the_earths_land_surface_areas),CHELSA BIO2 = Mean diurnal range,1979-2013,,,,,,,,
CHELSA_BIO3,CHELSA_(Climatologies_at_high_resolution_for_the_earths_land_surface_areas),CHELSA BIO3 = Isothermality,1979-2013,,,,,,,,
CHELSA_BIO4,CHELSA_(Climatologies_at_high_resolution_for_the_ç_land_surface_areas),CHELSA BIO4 = Temperature seasonality,1979-2013,,,,,,,,
CHELSA_BIO5,CHELSA_(Climatologies_at_high_resolution_for_the_earths_land_surface_areas),CHELSA BIO5 = Max temperature of warmest month,1979-2013,,,,,,,,
CHELSA_BIO6,CHELSA_(Climatologies_at_high_resolution_for_the_earths_land_surface_areas),CHELSA BIO6 = Min temperature of coldest month,1979-2013,,,,,,,,
CHELSA_BIO7,CHELSA_(Climatologies_at_high_resolution_for_the_earths_land_surface_areas),CHELSA BIO7 = Temperature annual range,1979-2013,,,,,,,,
CHELSA_BIO8,CHELSA_(Climatologies_at_high_resolution_for_the_earths_land_surface_areas),CHELSA BIO8 = Mean temperature of wettest quarter,1979-2013,,,,,,,,
CHELSA_BIO9,CHELSA_(Climatologies_at_high_resolution_for_the_earths_land_surface_areas),CHELSA BIO9 = Mean temperature of driest quarter,1979-2013,,,,,,,,
CHELSA_BIO10,CHELSA_(Climatologies_at_high_resolution_for_the_earths_land_surface_areas),CHELSA BIO10 = Mean temperature of warmest quarter,1979-2013,,,,,,,,
CHELSA_BIO11,CHELSA_(Climatologies_at_high_resolution_for_the_earths_land_surface_areas),CHELSA BIO11 = Mean temperature of coldest quarter,1979-2013,,,,,,,,
CHELSA_BIO12,CHELSA_(Climatologies_at_high_resolution_for_the_earths_land_surface_areas),CHELSA BIO12 = Annual precipitation,1979-2013,,,,,,,,
CHELSA_BIO13,CHELSA_(Climatologies_at_high_resolution_for_the_earths_land_surface_areas),CHELSA BIO13 = Precipitation of wettest month,1979-2013,,,,,,,,
CHELSA_BIO14,CHELSA_(Climatologies_at_high_resolution_for_the_earths_land_surface_areas),CHELSA BIO14 = Precipitation of driest month,1979-2013,,,,,,,,
CHELSA_BIO15,CHELSA_(Climatologies_at_high_resolution_for_the_earths_land_surface_areas),CHELSA BIO15 = Precipitation seasonality (coefficient of variation),1979-2013,,,,,,,,
CHELSA_BIO16,CHELSA_(Climatologies_at_high_resolution_for_the_earths_land_surface_areas),CHELSA BIO16 = Precipitation of wettest quarter,1979-2013,,,,,,,,
CHELSA_BIO17,CHELSA_(Climatologies_at_high_resolution_for_the_earths_land_surface_areas),CHELSA BIO17 = Precipitation of driest quarter,1979-2013,,,,,,,,
CHELSA_BIO18,CHELSA_(Climatologies_at_high_resolution_for_the_earths_land_surface_areas),CHELSA BIO18 = Precipitation of warmest quarter,1979-2013,,,,,,,,
CHELSA_BIO19,CHELSA_(Climatologies_at_high_resolution_for_the_earths_land_surface_areas),CHELSA BIO19 = Precipitation of coldest quarter,1979-2013,,,,,,,,
CRU_Cld_spring,Consortium_for_Spatial_Information_(CGIAR-CSI)._CRU-TS_v3.10.01_Historic_Climate_Database_for_GIS,CRU Cloud cover spring,1901-2006,,,,,,,,
CRU_Cld_summer,Consortium_for_Spatial_Information_(CGIAR-CSI)._CRU-TS_v3.10.01_Historic_Climate_Database_for_GIS,CRU Cloud cover summer,1901-2006,,,,,,,,
CRU_Dtr_spring,Consortium_for_Spatial_Information_(CGIAR-CSI)._CRU-TS_v3.10.01_Historic_Climate_Database_for_GIS,CRU Diurnal temperature range spring,1901-2006,,,,,,,,
CRU_Dtr_summer,Consortium_for_Spatial_Information_(CGIAR-CSI)._CRU-TS_v3.10.01_Historic_Climate_Database_for_GIS,CRU Diurnal temperature range summer,1901-2007,,,,,,,,
CRU_Frs_spring,Consortium_for_Spatial_Information_(CGIAR-CSI)._CRU-TS_v3.10.01_Historic_Climate_Database_for_GIS,CRU Frost day frequency spring,1901-2008,,,,,,,,
CRU_Frs_summer,Consortium_for_Spatial_Information_(CGIAR-CSI)._CRU-TS_v3.10.01_Historic_Climate_Database_for_GIS,CRU Frost day frequency summer,1901-2009,,,,,,,,
CRU_Pre_spring,Consortium_for_Spatial_Information_(CGIAR-CSI)._CRU-TS_v3.10.01_Historic_Climate_Database_for_GIS,CRU Precipitation spring,1901-2010,,,,,,,,
CRU_Pre_summer,Consortium_for_Spatial_Information_(CGIAR-CSI)._CRU-TS_v3.10.01_Historic_Climate_Database_for_GIS,CRU Precipitation summer,1901-2011,,,,,,,,
CRU_Tmp_spring,Consortium_for_Spatial_Information_(CGIAR-CSI)._CRU-TS_v3.10.01_Historic_Climate_Database_for_GIS,CRU Daily mean temperature spring,1901-2012,,,,,,,,
CRU_Tmp_summer,Consortium_for_Spatial_Information_(CGIAR-CSI)._CRU-TS_v3.10.01_Historic_Climate_Database_for_GIS,CRU Daily mean temperature summer,1901-2013,,,,,,,,
CRU_Tmn_spring,Consortium_for_Spatial_Information_(CGIAR-CSI)._CRU-TS_v3.10.01_Historic_Climate_Database_for_GIS,CRU Monthly average daily minimum temperature spring,1901-2014,,,,,,,,
CRU_Tmn_summer,Consortium_for_Spatial_Information_(CGIAR-CSI)._CRU-TS_v3.10.01_Historic_Climate_Database_for_GIS,CRU Monthly average daily minimum temperature summer,1901-2015,,,,,,,,
CRU_Tmx_spring,Consortium_for_Spatial_Information_(CGIAR-CSI)._CRU-TS_v3.10.01_Historic_Climate_Database_for_GIS,CRU Monthly average daily maximum temperature spring,1901-2016,,,,,,,,
CRU_Tmx_summer,Consortium_for_Spatial_Information_(CGIAR-CSI)._CRU-TS_v3.10.01_Historic_Climate_Database_for_GIS,CRU Monthly average daily maximum temperature summer,1901-2017,,,,,,,,
CRU_Vap_spring,Consortium_for_Spatial_Information_(CGIAR-CSI)._CRU-TS_v3.10.01_Historic_Climate_Database_for_GIS,CRU Vapour pressure spring,1901-2018,,,,,,,,
CRU_Vap_summer,Consortium_for_Spatial_Information_(CGIAR-CSI)._CRU-TS_v3.10.01_Historic_Climate_Database_for_GIS,CRU Vapour pressure summer,1901-2019,,,,,,,,
CRU_Wet_spring,Consortium_for_Spatial_Information_(CGIAR-CSI)._CRU-TS_v3.10.01_Historic_Climate_Database_for_GIS,CRU Wet day frequency spring,1901-2020,,,,,,,,
CRU_Wet_summer,Consortium_for_Spatial_Information_(CGIAR-CSI)._CRU-TS_v3.10.01_Historic_Climate_Database_for_GIS,CRU Wet day frequency summer,1901-2021,,,,,,,,
CRU_PET_spring,Consortium_for_Spatial_Information_(CGIAR-CSI)._CRU-TS_v3.10.01_Historic_Climate_Database_for_GIS,CRU Potential evapotranspiration spring,1901-2022,,,,,,,,
CRU_PET_summer,Consortium_for_Spatial_Information_(CGIAR-CSI)._CRU-TS_v3.10.01_Historic_Climate_Database_for_GIS,CRU Potential evapotranspiration summer,1901-2023,,,,,,,,
Bedrock_Topography,ETOPO1,Bedrock topography,NA,,,,,,,,
FAO_dNPPdP,FAO_World_maps_of_climatological_net_primary_production_of_biomass,FAO Sensitivity of NPP with respect to changes in annual mean Precipitation dNPP/dT,1976 - 2000,,,,,,,,
FAO_dNPPdT,FAO_World_maps_of_climatological_net_primary_production_of_biomass,FAO Sensitivity of NPP with respect to changes in annual mean temperature dNPP/dT,1976 - 2000,,,,,,,,
FAO_CRU_NPP,FAO_World_maps_of_climatological_net_primary_production_of_biomass,FAO NPP based on CRU,1976 - 2000,,,,,,,,
FAO_GPCC_NPP,FAO_World_maps_of_climatological_net_primary_production_of_biomass,FAO NPP based on GPCP,1976 - 2000,,,,,,,,
FAO_GPCC_VASClimO_NPP,FAO_World_maps_of_climatological_net_primary_production_of_biomass,FAO NPP based on GPCP VASClimO,1976 - 2000,,,,,,,,
FAO_GPCC_VASClimO_Precipitation,FAO_Koeppen_Climatology,FAO GPCC VASClimO Precipitation,1976 - 2000,,,,,,,,
FAO_CRU_Precipitation,FAO_Koeppen_Climatology,FAO CRU Precipitation,1976 - 2000,,,,,,,,
FAO_CRU_Temperature,FAO_Koeppen_Climatology,FAO CRU Temperature,1976 - 2000,,,,,,,,
FAO_GPCC_Fulldata_Precipitation,FAO_Koeppen_Climatology,FAO GPCC Fulldata Precipitation,1976 - 2000,,,,,,,,
FAO_Aridity_index_De_Martonne_CRU,FAO_Koeppen_Climatology,FAO Aridity index of De Martonne CRU,1976 - 2000,,,,,,,,
FAO_Aridity_index_De_Martonne_GPCC_Fulldata,FAO_Koeppen_Climatology,FAO Aridity index of De Martonne GPCC Fulldata,1976 - 2000,,,,,,,,
FAO_Aridity_index_of_De_Martonne_GPCC_VASClimO,FAO_Koeppen_Climatology,FAO Aridity index of De Martonne GPCC VASClimO,1976 - 2000,,,,,,,,
HWSD_Topsoil_ref_bulk_dens,FAO_Harmonized_World_Soil_Database_v_1.2,HWSD Topsoil reference bulk density,2009,,,,,,,,
HWSD_Topsoil_clay_fraction,FAO_Harmonized_World_Soil_Database_v_1.2,HWSD Topsoil clay fraction,2009,,,,,,,,
HWSD_Topsoil_gravel_content,FAO_Harmonized_World_Soil_Database_v_1.2,HWSD Topsoil gravel content,2009,,,,,,,,
HWSD_Topsoil_silt_fraction,FAO_Harmonized_World_Soil_Database_v_1.2,HWSD Topsoil silt fraction,2009,,,,,,,,
HWSD_Topsoil_sand_fraction,FAO_Harmonized_World_Soil_Database_v_1.2,HWSD Topsoil_sand_fraction,2009,,,,,,,,
HWSD_Topsoil_organic_carbon,FAO_Harmonized_World_Soil_Database_v_1.2,HWSD Topsoil organic carbon,2009,,,,,,,,
HWSD_Topsoil_pH,FAO_Harmonized_World_Soil_Database_v_1.2,HWSD Topsoil pH,2009,,,,,,,,
HWSD_Subsoil_ref_bulk_dens,FAO_Harmonized_World_Soil_Database_v_1.2,HWSD Subsoil reference bulk density,2009,,,,,,,,
HWSD_Subsoil_clay_fraction,FAO_Harmonized_World_Soil_Database_v_1.2,HWSD Subsoil clay fraction,2009,,,,,,,,
HWSD_Subsoil_gravel_content,FAO_Harmonized_World_Soil_Database_v_1.2,HWSD Subsoil gravel content,2009,,,,,,,,
HWSD_Subsoil_silt_fraction,FAO_Harmonized_World_Soil_Database_v_1.2,HWSD Subsoil silt fraction,2009,,,,,,,,
HWSD_Subsoil_sand_fraction,FAO_Harmonized_World_Soil_Database_v_1.2,HWSD Subsoil sand fraction,2009,,,,,,,,
HWSD_Subsoil_organic_carbon,FAO_Harmonized_World_Soil_Database_v_1.2,HWSD Subsoil organic carbon,2009,,,,,,,,
HWSD_Subsoil_pH,FAO_Harmonized_World_Soil_Database_v_1.2,HWSD Subsoil pH,2009,,,,,,,,
ISRIC_WISE_SoilCarbonate_Carbon_Dens,GLOBAL_DATA_SET_OF_DERIVED_SOIL_PROPERTIES_(ISRIC_WISE),ISRIC WISE Soil carbonate carbon density ,2000,,,,,,,,
ISRIC_WISE_Soil_Org_Carbon_Dens,GLOBAL_DATA_SET_OF_DERIVED_SOIL_PROPERTIES_(ISRIC_WISE),ISRIC WISE  Soil organic carbon density  (0-30 cm depth range),2000,,,,,,,,
ISRIC_WISE_Soil_pH,GLOBAL_DATA_SET_OF_DERIVED_SOIL_PROPERTIES_(ISRIC_WISE),ISRIC WISE  Soil pH (0-30 cm depth range),2000,,,,,,,,
ISRIC_WISE_Total_AvailWater_cap,GLOBAL_DATA_SET_OF_DERIVED_SOIL_PROPERTIES_(ISRIC_WISE),ISRIC WISE  Total available water capacity ,2000,,,,,,,,
SoilGrids_BDRICM,ISRIC_Soilgrids,SoilGrids absolute depth to bedrock,2012–2016,,,,,,,,
SoilGrids_BLDFIE,ISRIC_Soilgrids,SoilGrids bulk density,2012–2016,,,,,,,,
SoilGrids_CECSOL,ISRIC_Soilgrids,SoilGrids cation exchange capacity of soil,2012–2016,,,,,,,,
SoilGrids_CLYPPT,ISRIC_Soilgrids,SoilGrids clay content,2012–2016,,,,,,,,
SoilGrids_CRFVOL,ISRIC_Soilgrids,SoilGrids course fragments volumetric,2012–2016,,,,,,,,
SoilGrids_OCSTHA,ISRIC_Soilgrids,SoilGrids soil organic carbon stock per ha,2012–2016,,,,,,,,
SoilGrids_ORCDRC,ISRIC_Soilgrids,SoilGrids soil organic carbon content,2012–2016,,,,,,,,
SoilGrids_PHIHOX,ISRIC_Soilgrids,SoilGrids soil pH H2O,2012–2016,,,,,,,,
SoilGrids_PHIKCL,ISRIC_Soilgrids,SoilGrids soil pH KCL,2012–2016,,,,,,,,
SoilGrids_SLTPPT,ISRIC_Soilgrids,SoilGrids silt content,2012–2016,,,,,,,,
SoilGrids_SNDPPT,ISRIC_Soilgrids,SoilGrids sand content,2012–2016,,,,,,,,
GAEZ_Nutrient_availability,FAO_Global_Agro-ecological_Zones_Assessment_for_Agriculture_(GAEZ_2008),FAO GAEZ Nutrient availability,2008,,,,,,,,
GAEZ_Nutrient_retention_capacity,FAO_Global_Agro-ecological_Zones_Assessment_for_Agriculture_(GAEZ_2008),FAO GAEZ Nutrient retention capacity,2008,,,,,,,,
GAEZ_Rooting_conditions,FAO_Global_Agro-ecological_Zones_Assessment_for_Agriculture_(GAEZ_2008),FAO GAEZ  Rooting conditions,2008,,,,,,,,
GAEZ_Oxygen_availability_to_roots,FAO_Global_Agro-ecological_Zones_Assessment_for_Agriculture_(GAEZ_2008),FAO GAEZ Oxygen availability to roots,2008,,,,,,,,
GAEZ_Excess_salts,FAO_Global_Agro-ecological_Zones_Assessment_for_Agriculture_(GAEZ_2008),FAO GAEZ Excess salts,2008,,,,,,,,
GAEZ_Toxicity,FAO_Global_Agro-ecological_Zones_Assessment_for_Agriculture_(GAEZ_2008),FAO GAEZ Toxicity,2008,,,,,,,,
Plant_Extractable_Water_Capacity_of_Soil,Global_Distribution_of_Plant-Extractable_Water_Capacity_of_Soil,Global Distribution of Plant-Extractable Water Capacity of Soil,1996,,,,,,,,
IGBP_DIS_Soil_pH,Nelson_institute_Atlas of the Biosphere ,IGBP-DIS Soil pH,1998,,,,,,,,
Suitability_for_Agriculture,Nelson_institute_Atlas of the Biosphere ,Suitability for Agriculture,2001,,,,,,,,
Growing_degree_days,Nelson_institute_Atlas of the Biosphere ,CRU Growing degree-days above 5 °C,1961-1990 ,,,,,,,,
GMT_intermediate_coast_distance,NASAs Ocean Biology Processing Group,GSHHG distance to the coast,1996,,,,,,,,
EMEP_dry_HNO3andNO3_annual_mean_with_HNO3_Vd,Nitrogen Deposition onto the United States and Western Europe,EMEP_dry_HNO3andNO3_annual_mean_with_HNO3_Vd,1989-1994,,,,,,,,
EMEP_dry_HNO3.NO3_annual_mean_with_NO3_Vd,Nitrogen Deposition onto the United States and Western Europe,EMEP_dry_HNO3+NO3_annual_mean_with_NO3_Vd,1989-1994,,,,,,,,
EMEP_dry_NH4_annual_mean_with_particulate_Vd,Nitrogen Deposition onto the United States and Western Europe,EMEP_dry_NH4_annual_mean_with_particulate_Vd,1989-1994,,,,,,,,
EMEP_dry_NO2_annual_mean_with_NO2_Vd,Nitrogen Deposition onto the United States and Western Europe,EMEP_dry_NO2_annual_mean_with_NO2_Vd,1989-1994,,,,,,,,
EMEP_wet_NH4_annual_mean,Nitrogen Deposition onto the United States and Western Europe,EMEP_wet_NH4_annual_mean,1989-1994,,,,,,,,
EMEP_wet_NO3_annual,Nitrogen Deposition onto the United States and Western Europe,EMEP_wet_NO3_annual,1989-1994,,,,,,,,
NADP_wet_NH4_annual_mean,Nitrogen Deposition onto the United States and Western Europe,NADP_wet_NH4_annual_mean,1978-1994,,,,,,,,
NADP_wet_NO3_annual_mean,Nitrogen Deposition onto the United States and Western Europe,NADP_wet_NO3_annual_mean,1978-1994,,,,,,,,
NDDN_dry_HNO3_annual_mean_with_HNO3_Vd,Nitrogen Deposition onto the United States and Western Europe,NDDN_dry_HNO3_annual_mean_with_HNO3_Vd,1989-1994,,,,,,,,
NDDN_dry_NH4_annual_mean_with_Particulate_Vd,Nitrogen Deposition onto the United States and Western Europe,NDDN_dry_NH4_annual_mean_with_Particulate_Vd,1989-1994,,,,,,,,
NDDN_dry_NO3_annual_mean_with_NO3_Vd,Nitrogen Deposition onto the United States and Western Europe,NDDN_dry_NO3_annual_mean_with_NO3_Vd,1989-1994,,,,,,,,
MERRAclimmax_80s_bio1,MERRAclim:_high-resolution_global_dataset_of_remotely_sensed_bioclimatic_variables_for_ecological_modelling,MerraCLIM_1980s_BIO1_=_Annual__temperature:_maximum,1980-1989,,,,,,,,
MERRAclimmax_80s_bio2,MERRAclim:_high-resolution_global_dataset_of_remotely_sensed_bioclimatic_variables_for_ecological_modelling,MerraCLIM_1980s__BIO2_=_Mean_diurnal_range:_maximum,1980-1989,,,,,,,,
MERRAclimmax_80s_bio3,MERRAclim:_high-resolution_global_dataset_of_remotely_sensed_bioclimatic_variables_for_ecological_modelling,MerraCLIM_1980s__BIO3_=_Isothermality:_maximum,1980-1989,,,,,,,,
MERRAclimmax_80s_bio4,MERRAclim:_high-resolution_global_dataset_of_remotely_sensed_bioclimatic_variables_for_ecological_modelling,MerraCLIM_1980s__BIO4_=_Temperature_seasonality:_maximum,1980-1989,,,,,,,,
MERRAclimmax_80s_bio5,MERRAclim:_high-resolution_global_dataset_of_remotely_sensed_bioclimatic_variables_for_ecological_modelling,MerraCLIM_1980s__BIO5_=_Max_temperature_of_warmest_month:_maximum,1980-1989,,,,,,,,
MERRAclimmax_80s_bio6,MERRAclim:_high-resolution_global_dataset_of_remotely_sensed_bioclimatic_variables_for_ecological_modelling,MerraCLIM_1980s__BIO6_=_Min_temperature_of_coldest_month:_maximum,1980-1989,,,,,,,,
MERRAclimmax_80s_bio7,MERRAclim:_high-resolution_global_dataset_of_remotely_sensed_bioclimatic_variables_for_ecological_modelling,MerraCLIM_1980s__BIO7_=_Temperature_annual_range:_maximum,1980-1989,,,,,,,,
MERRAclimmax_80s_bio8,MERRAclim:_high-resolution_global_dataset_of_remotely_sensed_bioclimatic_variables_for_ecological_modelling,MerraCLIM_1980s__BIO8_=_Mean_temperature_of_wettest_quarter:_maximum,1980-1989,,,,,,,,
MERRAclimmax_80s_bio9,MERRAclim:_high-resolution_global_dataset_of_remotely_sensed_bioclimatic_variables_for_ecological_modelling,MerraCLIM_1980s__BIO9_=_Mean_temperature_of_driest_quarter:_maximum,1980-1989,,,,,,,,
MERRAclimmax_80s_bio10,MERRAclim:_high-resolution_global_dataset_of_remotely_sensed_bioclimatic_variables_for_ecological_modelling,MerraCLIM_1980s__BIO10_=_Mean_temperature_of_warmest_quarter:_maximum,1980-1989,,,,,,,,
MERRAclimmax_80s_bio11,MERRAclim:_high-resolution_global_dataset_of_remotely_sensed_bioclimatic_variables_for_ecological_modelling,MerraCLIM_1980s__BIO11_=_Mean_temperature_of_coldest_quarter:_maximum,1980-1989,,,,,,,,
MERRAclimmax_80s_bio12,MERRAclim:_high-resolution_global_dataset_of_remotely_sensed_bioclimatic_variables_for_ecological_modelling,MerraCLIM_1980s__BIO12_=_Annual_precipitation:_maximum,1980-1989,,,,,,,,
MERRAclimmax_80s_bio13,MERRAclim:_high-resolution_global_dataset_of_remotely_sensed_bioclimatic_variables_for_ecological_modelling,MerraCLIM_1980s__BIO13_=_Precipitation_of_wettest_month:_maximum,1980-1989,,,,,,,,
MERRAclimmax_80s_bio14,MERRAclim:_high-resolution_global_dataset_of_remotely_sensed_bioclimatic_variables_for_ecological_modelling,MerraCLIM_1980s__BIO14_=_Precipitation_of_driest_month:_maximum,1980-1989,,,,,,,,
MERRAclimmax_80s_bio15,MERRAclim:_high-resolution_global_dataset_of_remotely_sensed_bioclimatic_variables_for_ecological_modelling,MerraCLIM_1980s__BIO15_=_Precipitation_seasonality_(coefficient_of_variation):_maximum,1980-1989,,,,,,,,
MERRAclimmax_80s_bio16,MERRAclim:_high-resolution_global_dataset_of_remotely_sensed_bioclimatic_variables_for_ecological_modelling,MerraCLIM_1980s__BIO16_=_Precipitation_of_wettest_quarter:_maximum,1980-1989,,,,,,,,
MERRAclimmax_80s_bio17,MERRAclim:_high-resolution_global_dataset_of_remotely_sensed_bioclimatic_variables_for_ecological_modelling,MerraCLIM_1980s__BIO17_=_Precipitation_of_driest_quarter:_maximum,1980-1989,,,,,,,,
MERRAclimmax_80s_bio18,MERRAclim:_high-resolution_global_dataset_of_remotely_sensed_bioclimatic_variables_for_ecological_modelling,MerraCLIM_1980s__BIO18_=_Precipitation_of_warmest_quarter:_maximum,1980-1989,,,,,,,,
MERRAclimmax_80s_bio19,MERRAclim:_high-resolution_global_dataset_of_remotely_sensed_bioclimatic_variables_for_ecological_modelling,MerraCLIM_1980s__BIO19_=_Precipitation_of_coldest_quarter:_maximum,1980-1989,,,,,,,,
MERRAclimmax_90s_bio1,MERRAclim:_high-resolution_global_dataset_of_remotely_sensed_bioclimatic_variables_for_ecological_modelling,MerraCLIM_1990s_BIO1_=_Annual_temperature:_maximum,1990-1999,,,,,,,,
MERRAclimmax_90s_bio2,MERRAclim:_high-resolution_global_dataset_of_remotely_sensed_bioclimatic_variables_for_ecological_modelling,MerraCLIM_1990s__BIO2_=_Mean_diurnal_range:_maximum,1990-1999,,,,,,,,
MERRAclimmax_90s_bio3,MERRAclim:_high-resolution_global_dataset_of_remotely_sensed_bioclimatic_variables_for_ecological_modelling,MerraCLIM_1990s__BIO3_=_Isothermality:_maximum,1990-1999,,,,,,,,
MERRAclimmax_90s_bio4,MERRAclim:_high-resolution_global_dataset_of_remotely_sensed_bioclimatic_variables_for_ecological_modelling,MerraCLIM_1990s__BIO4_=_Temperature_seasonality:_maximum,1990-1999,,,,,,,,
MERRAclimmax_90s_bio5,MERRAclim:_high-resolution_global_dataset_of_remotely_sensed_bioclimatic_variables_for_ecological_modelling,MerraCLIM_1990s__BIO5_=_Max_temperature_of_warmest_month:_maximum,1990-1999,,,,,,,,
MERRAclimmax_90s_bio6,MERRAclim:_high-resolution_global_dataset_of_remotely_sensed_bioclimatic_variables_for_ecological_modelling,MerraCLIM_1990s__BIO6_=_Min_temperature_of_coldest_month:_maximum,1990-1999,,,,,,,,
MERRAclimmax_90s_bio7,MERRAclim:_high-resolution_global_dataset_of_remotely_sensed_bioclimatic_variables_for_ecological_modelling,MerraCLIM_1990s__BIO7_=_Temperature_annual_range:_maximum,1990-1999,,,,,,,,
MERRAclimmax_90s_bio8,MERRAclim:_high-resolution_global_dataset_of_remotely_sensed_bioclimatic_variables_for_ecological_modelling,MerraCLIM_1990s__BIO8_=_Mean_temperature_of_wettest_quarter:_maximum,1990-1999,,,,,,,,
MERRAclimmax_90s_bio9,MERRAclim:_high-resolution_global_dataset_of_remotely_sensed_bioclimatic_variables_for_ecological_modelling,MerraCLIM_1990s__BIO9_=_Mean_temperature_of_driest_quarter:_maximum,1990-1999,,,,,,,,
MERRAclimmax_90s_bio10,MERRAclim:_high-resolution_global_dataset_of_remotely_sensed_bioclimatic_variables_for_ecological_modelling,MerraCLIM_1990s__BIO10_=_Mean_temperature_of_warmest_quarter:_maximum,1990-1999,,,,,,,,
MERRAclimmax_90s_bio11,MERRAclim:_high-resolution_global_dataset_of_remotely_sensed_bioclimatic_variables_for_ecological_modelling,MerraCLIM_1990s__BIO11_=_Mean_temperature_of_coldest_quarter:_maximum,1990-1999,,,,,,,,
MERRAclimmax_90s_bio12,MERRAclim:_high-resolution_global_dataset_of_remotely_sensed_bioclimatic_variables_for_ecological_modelling,MerraCLIM_1990s__BIO12_=_Annual_precipitation:_maximum,1990-1999,,,,,,,,
MERRAclimmax_90s_bio13,MERRAclim:_high-resolution_global_dataset_of_remotely_sensed_bioclimatic_variables_for_ecological_modelling,MerraCLIM_1990s__BIO13_=_Precipitation_of_wettest_month:_maximum,1990-1999,,,,,,,,
MERRAclimmax_90s_bio14,MERRAclim:_high-resolution_global_dataset_of_remotely_sensed_bioclimatic_variables_for_ecological_modelling,MerraCLIM_1990s__BIO14_=_Precipitation_of_driest_month:_maximum,1990-1999,,,,,,,,
MERRAclimmax_90s_bio15,MERRAclim:_high-resolution_global_dataset_of_remotely_sensed_bioclimatic_variables_for_ecological_modelling,MerraCLIM_1990s__BIO15_=_Precipitation_seasonality_(coefficient_of_variation):_maximum,1990-1999,,,,,,,,
MERRAclimmax_90s_bio16,MERRAclim:_high-resolution_global_dataset_of_remotely_sensed_bioclimatic_variables_for_ecological_modelling,MerraCLIM_1990s__BIO16_=_Precipitation_of_wettest_quarter:_maximum,1990-1999,,,,,,,,
MERRAclimmax_90s_bio17,MERRAclim:_high-resolution_global_dataset_of_remotely_sensed_bioclimatic_variables_for_ecological_modelling,MerraCLIM_1990s__BIO17_=_Precipitation_of_driest_quarter:_maximum,1990-1999,,,,,,,,
MERRAclimmax_90s_bio18,MERRAclim:_high-resolution_global_dataset_of_remotely_sensed_bioclimatic_variables_for_ecological_modelling,MerraCLIM_1990s__BIO18_=_Precipitation_of_warmest_quarter:_maximum,1990-1999,,,,,,,,
MERRAclimmax_90s_bio19,MERRAclim:_high-resolution_global_dataset_of_remotely_sensed_bioclimatic_variables_for_ecological_modelling,MerraCLIM_1990s__BIO19_=_Precipitation_of_coldest_quarter:_maximum,1990-1999,,,,,,,,
MERRAclimmax_00s_bio1,MERRAclim:_high-resolution_global_dataset_of_remotely_sensed_bioclimatic_variables_for_ecological_modelling,MerraCLIM_2000s_BIO1_=_Annual__temperature:_maximum,2000-2009,,,,,,,,
MERRAclimmax_00s_bio2,MERRAclim:_high-resolution_global_dataset_of_remotely_sensed_bioclimatic_variables_for_ecological_modelling,MerraCLIM_2000s__BIO2_=_Mean_diurnal_range:_maximum,2000-2009,,,,,,,,
MERRAclimmax_00s_bio3,MERRAclim:_high-resolution_global_dataset_of_remotely_sensed_bioclimatic_variables_for_ecological_modelling,MerraCLIM_2000s__BIO3_=_Isothermality:_maximum,2000-2009,,,,,,,,
MERRAclimmax_00s_bio4,MERRAclim:_high-resolution_global_dataset_of_remotely_sensed_bioclimatic_variables_for_ecological_modelling,MerraCLIM_2000s__BIO4_=_Temperature_seasonality:_maximum,2000-2009,,,,,,,,
MERRAclimmax_00s_bio5,MERRAclim:_high-resolution_global_dataset_of_remotely_sensed_bioclimatic_variables_for_ecological_modelling,MerraCLIM_2000s__BIO5_=_Max_temperature_of_warmest_month:_maximum,2000-2009,,,,,,,,
MERRAclimmax_00s_bio6,MERRAclim:_high-resolution_global_dataset_of_remotely_sensed_bioclimatic_variables_for_ecological_modelling,MerraCLIM_2000s__BIO6_=_Min_temperature_of_coldest_month:_maximum,2000-2009,,,,,,,,
MERRAclimmax_00s_bio7,MERRAclim:_high-resolution_global_dataset_of_remotely_sensed_bioclimatic_variables_for_ecological_modelling,MerraCLIM_2000s__BIO7_=_Temperature_annual_range:_maximum,2000-2009,,,,,,,,
MERRAclimmax_00s_bio8,MERRAclim:_high-resolution_global_dataset_of_remotely_sensed_bioclimatic_variables_for_ecological_modelling,MerraCLIM_2000s__BIO8_=_Mean_temperature_of_wettest_quarter:_maximum,2000-2009,,,,,,,,
MERRAclimmax_00s_bio9,MERRAclim:_high-resolution_global_dataset_of_remotely_sensed_bioclimatic_variables_for_ecological_modelling,MerraCLIM_2000s__BIO9_=_Mean_temperature_of_driest_quarter:_maximum,2000-2009,,,,,,,,
MERRAclimmax_00s_bio10,MERRAclim:_high-resolution_global_dataset_of_remotely_sensed_bioclimatic_variables_for_ecological_modelling,MerraCLIM_2000s__BIO10_=_Mean_temperature_of_warmest_quarter:_maximum,2000-2009,,,,,,,,
MERRAclimmax_00s_bio11,MERRAclim:_high-resolution_global_dataset_of_remotely_sensed_bioclimatic_variables_for_ecological_modelling,MerraCLIM_2000s__BIO11_=_Mean_temperature_of_coldest_quarter:_maximum,2000-2009,,,,,,,,
MERRAclimmax_00s_bio12,MERRAclim:_high-resolution_global_dataset_of_remotely_sensed_bioclimatic_variables_for_ecological_modelling,MerraCLIM_2000s__BIO12_=_Annual_precipitation:_maximum,2000-2009,,,,,,,,
MERRAclimmax_00s_bio13,MERRAclim:_high-resolution_global_dataset_of_remotely_sensed_bioclimatic_variables_for_ecological_modelling,MerraCLIM_2000s__BIO13_=_Precipitation_of_wettest_month:_maximum,2000-2009,,,,,,,,
MERRAclimmax_00s_bio14,MERRAclim:_high-resolution_global_dataset_of_remotely_sensed_bioclimatic_variables_for_ecological_modelling,MerraCLIM_2000s__BIO14_=_Precipitation_of_driest_month:_maximum,2000-2009,,,,,,,,
MERRAclimmax_00s_bio15,MERRAclim:_high-resolution_global_dataset_of_remotely_sensed_bioclimatic_variables_for_ecological_modelling,MerraCLIM_2000s__BIO15_=_Precipitation_seasonality_(coefficient_of_variation):_maximum,2000-2009,,,,,,,,
MERRAclimmax_00s_bio16,MERRAclim:_high-resolution_global_dataset_of_remotely_sensed_bioclimatic_variables_for_ecological_modelling,MerraCLIM_2000s__BIO16_=_Precipitation_of_wettest_quarter:_maximum,2000-2009,,,,,,,,
MERRAclimmax_00s_bio17,MERRAclim:_high-resolution_global_dataset_of_remotely_sensed_bioclimatic_variables_for_ecological_modelling,MerraCLIM_2000s__BIO17_=_Precipitation_of_driest_quarter:_maximum,2000-2009,,,,,,,,
MERRAclimmax_00s_bio18,MERRAclim:_high-resolution_global_dataset_of_remotely_sensed_bioclimatic_variables_for_ecological_modelling,MerraCLIM_2000s__BIO18_=_Precipitation_of_warmest_quarter:_maximum,2000-2009,,,,,,,,
MERRAclimmax_00s_bio19,MERRAclim:_high-resolution_global_dataset_of_remotely_sensed_bioclimatic_variables_for_ecological_modelling,MerraCLIM_2000s__BIO19_=_Precipitation_of_coldest_quarter:_maximum,2000-2009,,,,,,,,
MERRAclimmean_80s_bio1,MERRAclim:_high-resolution_global_dataset_of_remotely_sensed_bioclimatic_variables_for_ecological_modelling,MerraCLIM_1980s_BIO1_=_Annual__temperature:_mean,1980-1989,,,,,,,,
MERRAclimmean_80s_bio2,MERRAclim:_high-resolution_global_dataset_of_remotely_sensed_bioclimatic_variables_for_ecological_modelling,MerraCLIM_1980s__BIO4_=_Temperature_seasonality:_mean,1980-1989,,,,,,,,
MERRAclimmean_80s_bio3,MERRAclim:_high-resolution_global_dataset_of_remotely_sensed_bioclimatic_variables_for_ecological_modelling,MerraCLIM_1980s__BIO5_=_Max_temperature_of_warmest_month:_mean,1980-1989,,,,,,,,
MERRAclimmean_80s_bio4,MERRAclim:_high-resolution_global_dataset_of_remotely_sensed_bioclimatic_variables_for_ecological_modelling,MerraCLIM_1980s__BIO6_=_Min_temperature_of_coldest_month:_mean,1980-1989,,,,,,,,
MERRAclimmean_80s_bio5,MERRAclim:_high-resolution_global_dataset_of_remotely_sensed_bioclimatic_variables_for_ecological_modelling,MerraCLIM_1980s__BIO7_=_Temperature_annual_range:_mean,1980-1989,,,,,,,,
MERRAclimmean_80s_bio6,MERRAclim:_high-resolution_global_dataset_of_remotely_sensed_bioclimatic_variables_for_ecological_modelling,MerraCLIM_1980s__BIO8_=_Mean_temperature_of_wettest_quarter:_mean,1980-1989,,,,,,,,
MERRAclimmean_80s_bio7,MERRAclim:_high-resolution_global_dataset_of_remotely_sensed_bioclimatic_variables_for_ecological_modelling,MerraCLIM_1980s__BIO9_=_Mean_temperature_of_driest_quarter:_mean,1980-1989,,,,,,,,
MERRAclimmean_80s_bio8,MERRAclim:_high-resolution_global_dataset_of_remotely_sensed_bioclimatic_variables_for_ecological_modelling,MerraCLIM_1980s__BIO10_=_Mean_temperature_of_warmest_quarter:_mean,1980-1989,,,,,,,,
MERRAclimmean_80s_bio9,MERRAclim:_high-resolution_global_dataset_of_remotely_sensed_bioclimatic_variables_for_ecological_modelling,MerraCLIM_1980s__BIO11_=_Mean_temperature_of_coldest_quarter:_mean,1980-1989,,,,,,,,
MERRAclimmean_80s_bio10,MERRAclim:_high-resolution_global_dataset_of_remotely_sensed_bioclimatic_variables_for_ecological_modelling,MerraCLIM_1980s__BIO12_=_Annual_precipitation:_mean,1980-1989,,,,,,,,
MERRAclimmean_80s_bio11,MERRAclim:_high-resolution_global_dataset_of_remotely_sensed_bioclimatic_variables_for_ecological_modelling,MerraCLIM_1980s__BIO13_=_Precipitation_of_wettest_month:_mean,1980-1989,,,,,,,,
MERRAclimmean_80s_bio12,MERRAclim:_high-resolution_global_dataset_of_remotely_sensed_bioclimatic_variables_for_ecological_modelling,MerraCLIM_1980s__BIO14_=_Precipitation_of_driest_month:_mean,1980-1989,,,,,,,,
MERRAclimmean_80s_bio13,MERRAclim:_high-resolution_global_dataset_of_remotely_sensed_bioclimatic_variables_for_ecological_modelling,MerraCLIM_1980s__BIO15_=_Precipitation_seasonality_(coefficient_of_variation):_mean,1980-1989,,,,,,,,
MERRAclimmean_80s_bio14,MERRAclim:_high-resolution_global_dataset_of_remotely_sensed_bioclimatic_variables_for_ecological_modelling,MerraCLIM_1980s__BIO16_=_Precipitation_of_wettest_quarter:_mean,1980-1989,,,,,,,,
MERRAclimmean_80s_bio15,MERRAclim:_high-resolution_global_dataset_of_remotely_sensed_bioclimatic_variables_for_ecological_modelling,MerraCLIM_1980s__BIO17_=_Precipitation_of_driest_quarter:_mean,1980-1989,,,,,,,,
MERRAclimmean_80s_bio16,MERRAclim:_high-resolution_global_dataset_of_remotely_sensed_bioclimatic_variables_for_ecological_modelling,MerraCLIM_1980s__BIO18_=_Precipitation_of_warmest_quarter:_mean,1980-1989,,,,,,,,
MERRAclimmean_80s_bio17,MERRAclim:_high-resolution_global_dataset_of_remotely_sensed_bioclimatic_variables_for_ecological_modelling,MerraCLIM_1980s__BIO19_=_Precipitation_of_coldest_quarter:_mean,1980-1989,,,,,,,,
MERRAclimmean_80s_bio18,MERRAclim:_high-resolution_global_dataset_of_remotely_sensed_bioclimatic_variables_for_ecological_modelling,MerraCLIM_1980s__BIO2_=_Mean_diurnal_range:_mean,1980-1989,,,,,,,,
MERRAclimmean_80s_bio19,MERRAclim:_high-resolution_global_dataset_of_remotely_sensed_bioclimatic_variables_for_ecological_modelling,MerraCLIM_1980s__BIO3_=_Isothermality:_mean,1980-1989,,,,,,,,
MERRAclimmean_90s_bio1,MERRAclim:_high-resolution_global_dataset_of_remotely_sensed_bioclimatic_variables_for_ecological_modelling,MerraCLIM_1990s_BIO1_=_Annual__temperature:_mean,1990-1999,,,,,,,,
MERRAclimmean_90s_bio2,MERRAclim:_high-resolution_global_dataset_of_remotely_sensed_bioclimatic_variables_for_ecological_modelling,MerraCLIM_1990s__BIO2_=_Mean_diurnal_range:_mean,1990-1999,,,,,,,,
MERRAclimmean_90s_bio3,MERRAclim:_high-resolution_global_dataset_of_remotely_sensed_bioclimatic_variables_for_ecological_modelling,MerraCLIM_1990s__BIO3_=_Isothermality:_mean,1990-1999,,,,,,,,
MERRAclimmean_90s_bio4,MERRAclim:_high-resolution_global_dataset_of_remotely_sensed_bioclimatic_variables_for_ecological_modelling,MerraCLIM_1990s__BIO4_=_Temperature_seasonality:_mean,1990-1999,,,,,,,,
MERRAclimmean_90s_bio5,MERRAclim:_high-resolution_global_dataset_of_remotely_sensed_bioclimatic_variables_for_ecological_modelling,MerraCLIM_1990s__BIO5_=_Max_temperature_of_warmest_month:_mean,1990-1999,,,,,,,,
MERRAclimmean_90s_bio6,MERRAclim:_high-resolution_global_dataset_of_remotely_sensed_bioclimatic_variables_for_ecological_modelling,MerraCLIM_1990s__BIO6_=_Min_temperature_of_coldest_month:_mean,1990-1999,,,,,,,,
MERRAclimmean_90s_bio7,MERRAclim:_high-resolution_global_dataset_of_remotely_sensed_bioclimatic_variables_for_ecological_modelling,MerraCLIM_1990s__BIO7_=_Temperature_annual_range:_mean,1990-1999,,,,,,,,
MERRAclimmean_90s_bio8,MERRAclim:_high-resolution_global_dataset_of_remotely_sensed_bioclimatic_variables_for_ecological_modelling,MerraCLIM_1990s__BIO8_=_Mean_temperature_of_wettest_quarter:_mean,1990-1999,,,,,,,,
MERRAclimmean_90s_bio9,MERRAclim:_high-resolution_global_dataset_of_remotely_sensed_bioclimatic_variables_for_ecological_modelling,MerraCLIM_1990s__BIO9_=_Mean_temperature_of_driest_quarter:_mean,1990-1999,,,,,,,,
MERRAclimmean_90s_bio10,MERRAclim:_high-resolution_global_dataset_of_remotely_sensed_bioclimatic_variables_for_ecological_modelling,MerraCLIM_1990s__BIO10_=_Mean_temperature_of_warmest_quarter:_mean,1990-1999,,,,,,,,
MERRAclimmean_90s_bio11,MERRAclim:_high-resolution_global_dataset_of_remotely_sensed_bioclimatic_variables_for_ecological_modelling,MerraCLIM_1990s__BIO11_=_Mean_temperature_of_coldest_quarter:_mean,1990-1999,,,,,,,,
MERRAclimmean_90s_bio12,MERRAclim:_high-resolution_global_dataset_of_remotely_sensed_bioclimatic_variables_for_ecological_modelling,MerraCLIM_1990s__BIO12_=_Annual_precipitation:_mean,1990-1999,,,,,,,,
MERRAclimmean_90s_bio13,MERRAclim:_high-resolution_global_dataset_of_remotely_sensed_bioclimatic_variables_for_ecological_modelling,MerraCLIM_1990s__BIO13_=_Precipitation_of_wettest_month:_mean,1990-1999,,,,,,,,
MERRAclimmean_90s_bio14,MERRAclim:_high-resolution_global_dataset_of_remotely_sensed_bioclimatic_variables_for_ecological_modelling,MerraCLIM_1990s__BIO14_=_Precipitation_of_driest_month:_mean,1990-1999,,,,,,,,
MERRAclimmean_90s_bio15,MERRAclim:_high-resolution_global_dataset_of_remotely_sensed_bioclimatic_variables_for_ecological_modelling,MerraCLIM_1990s__BIO15_=_Precipitation_seasonality_(coefficient_of_variation):_mean,1990-1999,,,,,,,,
MERRAclimmean_90s_bio16,MERRAclim:_high-resolution_global_dataset_of_remotely_sensed_bioclimatic_variables_for_ecological_modelling,MerraCLIM_1990s__BIO16_=_Precipitation_of_wettest_quarter:_mean,1990-1999,,,,,,,,
MERRAclimmean_90s_bio17,MERRAclim:_high-resolution_global_dataset_of_remotely_sensed_bioclimatic_variables_for_ecological_modelling,MerraCLIM_1990s__BIO17_=_Precipitation_of_driest_quarter:_mean,1990-1999,,,,,,,,
MERRAclimmean_90s_bio18,MERRAclim:_high-resolution_global_dataset_of_remotely_sensed_bioclimatic_variables_for_ecological_modelling,MerraCLIM_1990s__BIO18_=_Precipitation_of_warmest_quarter:_mean,1990-1999,,,,,,,,
MERRAclimmean_90s_bio19,MERRAclim:_high-resolution_global_dataset_of_remotely_sensed_bioclimatic_variables_for_ecological_modelling,MerraCLIM_1990s__BIO19_=_Precipitation_of_coldest_quarter:_mean,1990-1999,,,,,,,,
MERRAclimmean_00s_bio1,MERRAclim:_high-resolution_global_dataset_of_remotely_sensed_bioclimatic_variables_for_ecological_modelling,MerraCLIM_2000s_BIO1_=_Annual__temperature:_mean,2000-2009,,,,,,,,
MERRAclimmean_00s_bio2,MERRAclim:_high-resolution_global_dataset_of_remotely_sensed_bioclimatic_variables_for_ecological_modelling,MerraCLIM_2000s__BIO2_=_Mean_diurnal_range:_mean,2000-2009,,,,,,,,
MERRAclimmean_00s_bio3,MERRAclim:_high-resolution_global_dataset_of_remotely_sensed_bioclimatic_variables_for_ecological_modelling,MerraCLIM_2000s__BIO3_=_Isothermality:_mean,2000-2009,,,,,,,,
MERRAclimmean_00s_bio4,MERRAclim:_high-resolution_global_dataset_of_remotely_sensed_bioclimatic_variables_for_ecological_modelling,MerraCLIM_2000s__BIO4_=_Temperature_seasonality:_mean,2000-2009,,,,,,,,
MERRAclimmean_00s_bio5,MERRAclim:_high-resolution_global_dataset_of_remotely_sensed_bioclimatic_variables_for_ecological_modelling,MerraCLIM_2000s__BIO5_=_Max_temperature_of_warmest_month:_mean,2000-2009,,,,,,,,
MERRAclimmean_00s_bio6,MERRAclim:_high-resolution_global_dataset_of_remotely_sensed_bioclimatic_variables_for_ecological_modelling,MerraCLIM_2000s__BIO6_=_Min_temperature_of_coldest_month:_mean,2000-2009,,,,,,,,
MERRAclimmean_00s_bio7,MERRAclim:_high-resolution_global_dataset_of_remotely_sensed_bioclimatic_variables_for_ecological_modelling,MerraCLIM_2000s__BIO7_=_Temperature_annual_range:_mean,2000-2009,,,,,,,,
MERRAclimmean_00s_bio8,MERRAclim:_high-resolution_global_dataset_of_remotely_sensed_bioclimatic_variables_for_ecological_modelling,MerraCLIM_2000s__BIO8_=_Mean_temperature_of_wettest_quarter:_mean,2000-2009,,,,,,,,
MERRAclimmean_00s_bio9,MERRAclim:_high-resolution_global_dataset_of_remotely_sensed_bioclimatic_variables_for_ecological_modelling,MerraCLIM_2000s__BIO9_=_Mean_temperature_of_driest_quarter:_mean,2000-2009,,,,,,,,
MERRAclimmean_00s_bio10,MERRAclim:_high-resolution_global_dataset_of_remotely_sensed_bioclimatic_variables_for_ecological_modelling,MerraCLIM_2000s__BIO10_=_Mean_temperature_of_warmest_quarter:_mean,2000-2009,,,,,,,,
MERRAclimmean_00s_bio11,MERRAclim:_high-resolution_global_dataset_of_remotely_sensed_bioclimatic_variables_for_ecological_modelling,MerraCLIM_2000s__BIO11_=_Mean_temperature_of_coldest_quarter:_mean,2000-2009,,,,,,,,
MERRAclimmean_00s_bio12,MERRAclim:_high-resolution_global_dataset_of_remotely_sensed_bioclimatic_variables_for_ecological_modelling,MerraCLIM_2000s__BIO12_=_Annual_precipitation:_mean,2000-2009,,,,,,,,
MERRAclimmean_00s_bio13,MERRAclim:_high-resolution_global_dataset_of_remotely_sensed_bioclimatic_variables_for_ecological_modelling,MerraCLIM_2000s__BIO13_=_Precipitation_of_wettest_month:_mean,2000-2009,,,,,,,,
MERRAclimmean_00s_bio14,MERRAclim:_high-resolution_global_dataset_of_remotely_sensed_bioclimatic_variables_for_ecological_modelling,MerraCLIM_2000s__BIO14_=_Precipitation_of_driest_month:_mean,2000-2009,,,,,,,,
MERRAclimmean_00s_bio15,MERRAclim:_high-resolution_global_dataset_of_remotely_sensed_bioclimatic_variables_for_ecological_modelling,MerraCLIM_2000s__BIO15_=_Precipitation_seasonality_(coefficient_of_variation):_mean,2000-2009,,,,,,,,
MERRAclimmean_00s_bio16,MERRAclim:_high-resolution_global_dataset_of_remotely_sensed_bioclimatic_variables_for_ecological_modelling,MerraCLIM_2000s__BIO16_=_Precipitation_of_wettest_quarter:_mean,2000-2009,,,,,,,,
MERRAclimmean_00s_bio17,MERRAclim:_high-resolution_global_dataset_of_remotely_sensed_bioclimatic_variables_for_ecological_modelling,MerraCLIM_2000s__BIO17_=_Precipitation_of_driest_quarter:_mean,2000-2009,,,,,,,,
MERRAclimmean_00s_bio18,MERRAclim:_high-resolution_global_dataset_of_remotely_sensed_bioclimatic_variables_for_ecological_modelling,MerraCLIM_2000s__BIO18_=_Precipitation_of_warmest_quarter:_mean,2000-2009,,,,,,,,
MERRAclimmean_00s_bio19,MERRAclim:_high-resolution_global_dataset_of_remotely_sensed_bioclimatic_variables_for_ecological_modelling,MerraCLIM_2000s__BIO19_=_Precipitation_of_coldest_quarter:_mean,2000-2009,,,,,,,,
MERRAclimmin_80s_bio1,MERRAclim:_high-resolution_global_dataset_of_remotely_sensed_bioclimatic_variables_for_ecological_modelling,MerraCLIM_1980s_BIO1_=_Annual__temperature:_minimum,1980-1989,,,,,,,,
MERRAclimmin_80s_bio2,MERRAclim:_high-resolution_global_dataset_of_remotely_sensed_bioclimatic_variables_for_ecological_modelling,MerraCLIM_1980s__BIO2_=_Mean_diurnal_range:_minimum,1980-1989,,,,,,,,
MERRAclimmin_80s_bio3,MERRAclim:_high-resolution_global_dataset_of_remotely_sensed_bioclimatic_variables_for_ecological_modelling,MerraCLIM_1980s__BIO3_=_Isothermality:_minimum,1980-1989,,,,,,,,
MERRAclimmin_80s_bio4,MERRAclim:_high-resolution_global_dataset_of_remotely_sensed_bioclimatic_variables_for_ecological_modelling,MerraCLIM_1980s__BIO4_=_Temperature_seasonality:_minimum,1980-1989,,,,,,,,
MERRAclimmin_80s_bio5,MERRAclim:_high-resolution_global_dataset_of_remotely_sensed_bioclimatic_variables_for_ecological_modelling,MerraCLIM_1980s__BIO5_=_Max_temperature_of_warmest_month:_minimum,1980-1989,,,,,,,,
MERRAclimmin_80s_bio6,MERRAclim:_high-resolution_global_dataset_of_remotely_sensed_bioclimatic_variables_for_ecological_modelling,MerraCLIM_1980s__BIO6_=_Min_temperature_of_coldest_month:_minimum,1980-1989,,,,,,,,
MERRAclimmin_80s_bio7,MERRAclim:_high-resolution_global_dataset_of_remotely_sensed_bioclimatic_variables_for_ecological_modelling,MerraCLIM_1980s__BIO7_=_Temperature_annual_range:_minimum,1980-1989,,,,,,,,
MERRAclimmin_80s_bio8,MERRAclim:_high-resolution_global_dataset_of_remotely_sensed_bioclimatic_variables_for_ecological_modelling,MerraCLIM_1980s__BIO8_=_Mean_temperature_of_wettest_quarter:_minimum,1980-1989,,,,,,,,
MERRAclimmin_80s_bio9,MERRAclim:_high-resolution_global_dataset_of_remotely_sensed_bioclimatic_variables_for_ecological_modelling,MerraCLIM_1980s__BIO9_=_Mean_temperature_of_driest_quarter:_minimum,1980-1989,,,,,,,,
MERRAclimmin_80s_bio10,MERRAclim:_high-resolution_global_dataset_of_remotely_sensed_bioclimatic_variables_for_ecological_modelling,MerraCLIM_1980s__BIO10_=_Mean_temperature_of_warmest_quarter:_minimum,1980-1989,,,,,,,,
MERRAclimmin_80s_bio11,MERRAclim:_high-resolution_global_dataset_of_remotely_sensed_bioclimatic_variables_for_ecological_modelling,MerraCLIM_1980s__BIO11_=_Mean_temperature_of_coldest_quarter:_minimum,1980-1989,,,,,,,,
MERRAclimmin_80s_bio12,MERRAclim:_high-resolution_global_dataset_of_remotely_sensed_bioclimatic_variables_for_ecological_modelling,MerraCLIM_1980s__BIO12_=_Annual_precipitation:_minimum,1980-1989,,,,,,,,
MERRAclimmin_80s_bio13,MERRAclim:_high-resolution_global_dataset_of_remotely_sensed_bioclimatic_variables_for_ecological_modelling,MerraCLIM_1980s__BIO13_=_Precipitation_of_wettest_month:_minimum,1980-1989,,,,,,,,
MERRAclimmin_80s_bio14,MERRAclim:_high-resolution_global_dataset_of_remotely_sensed_bioclimatic_variables_for_ecological_modelling,MerraCLIM_1980s__BIO14_=_Precipitation_of_driest_month:_minimum,1980-1989,,,,,,,,
MERRAclimmin_80s_bio15,MERRAclim:_high-resolution_global_dataset_of_remotely_sensed_bioclimatic_variables_for_ecological_modelling,MerraCLIM_1980s__BIO15_=_Precipitation_seasonality_(coefficient_of_variation):_minimum,1980-1989,,,,,,,,
MERRAclimmin_80s_bio16,MERRAclim:_high-resolution_global_dataset_of_remotely_sensed_bioclimatic_variables_for_ecological_modelling,MerraCLIM_1980s__BIO16_=_Precipitation_of_wettest_quarter:_minimum,1980-1989,,,,,,,,
MERRAclimmin_80s_bio17,MERRAclim:_high-resolution_global_dataset_of_remotely_sensed_bioclimatic_variables_for_ecological_modelling,MerraCLIM_1980s__BIO17_=_Precipitation_of_driest_quarter:_minimum,1980-1989,,,,,,,,
MERRAclimmin_80s_bio18,MERRAclim:_high-resolution_global_dataset_of_remotely_sensed_bioclimatic_variables_for_ecological_modelling,MerraCLIM_1980s__BIO18_=_Precipitation_of_warmest_quarter:_minimum,1980-1989,,,,,,,,
MERRAclimmin_80s_bio19,MERRAclim:_high-resolution_global_dataset_of_remotely_sensed_bioclimatic_variables_for_ecological_modelling,MerraCLIM_1980s__BIO19_=_Precipitation_of_coldest_quarter:_minimum,1980-1989,,,,,,,,
MERRAclimmin_90s_bio1,MERRAclim:_high-resolution_global_dataset_of_remotely_sensed_bioclimatic_variables_for_ecological_modelling,MerraCLIM_1990s_BIO1_=_Annual__temperature:_minimum,1990-1999,,,,,,,,
MERRAclimmin_90s_bio2,MERRAclim:_high-resolution_global_dataset_of_remotely_sensed_bioclimatic_variables_for_ecological_modelling,MerraCLIM_1990s__BIO2_=_Mean_diurnal_range:_minimum,1990-1999,,,,,,,,
MERRAclimmin_90s_bio3,MERRAclim:_high-resolution_global_dataset_of_remotely_sensed_bioclimatic_variables_for_ecological_modelling,MerraCLIM_1990s__BIO3_=_Isothermality:_minimum,1990-1999,,,,,,,,
MERRAclimmin_90s_bio4,MERRAclim:_high-resolution_global_dataset_of_remotely_sensed_bioclimatic_variables_for_ecological_modelling,MerraCLIM_1990s__BIO4_=_Temperature_seasonality:_minimum,1990-1999,,,,,,,,
MERRAclimmin_90s_bio5,MERRAclim:_high-resolution_global_dataset_of_remotely_sensed_bioclimatic_variables_for_ecological_modelling,MerraCLIM_1990s__BIO5_=_Max_temperature_of_warmest_month:_minimum,1990-1999,,,,,,,,
MERRAclimmin_90s_bio6,MERRAclim:_high-resolution_global_dataset_of_remotely_sensed_bioclimatic_variables_for_ecological_modelling,MerraCLIM_1990s__BIO6_=_Min_temperature_of_coldest_month:_minimum,1990-1999,,,,,,,,
MERRAclimmin_90s_bio7,MERRAclim:_high-resolution_global_dataset_of_remotely_sensed_bioclimatic_variables_for_ecological_modelling,MerraCLIM_1990s__BIO7_=_Temperature_annual_range:_minimum,1990-1999,,,,,,,,
MERRAclimmin_90s_bio8,MERRAclim:_high-resolution_global_dataset_of_remotely_sensed_bioclimatic_variables_for_ecological_modelling,MerraCLIM_1990s__BIO8_=_Mean_temperature_of_wettest_quarter:_minimum,1990-1999,,,,,,,,
MERRAclimmin_90s_bio9,MERRAclim:_high-resolution_global_dataset_of_remotely_sensed_bioclimatic_variables_for_ecological_modelling,MerraCLIM_1990s__BIO9_=_Mean_temperature_of_driest_quarter:_minimum,1990-1999,,,,,,,,
MERRAclimmin_90s_bio10,MERRAclim:_high-resolution_global_dataset_of_remotely_sensed_bioclimatic_variables_for_ecological_modelling,MerraCLIM_1990s__BIO10_=_Mean_temperature_of_warmest_quarter:_minimum,1990-1999,,,,,,,,
MERRAclimmin_90s_bio11,MERRAclim:_high-resolution_global_dataset_of_remotely_sensed_bioclimatic_variables_for_ecological_modelling,MerraCLIM_1990s__BIO11_=_Mean_temperature_of_coldest_quarter:_minimum,1990-1999,,,,,,,,
MERRAclimmin_90s_bio12,MERRAclim:_high-resolution_global_dataset_of_remotely_sensed_bioclimatic_variables_for_ecological_modelling,MerraCLIM_1990s__BIO12_=_Annual_precipitation:_minimum,1990-1999,,,,,,,,
MERRAclimmin_90s_bio13,MERRAclim:_high-resolution_global_dataset_of_remotely_sensed_bioclimatic_variables_for_ecological_modelling,MerraCLIM_1990s__BIO13_=_Precipitation_of_wettest_month:_minimum,1990-1999,,,,,,,,
MERRAclimmin_90s_bio14,MERRAclim:_high-resolution_global_dataset_of_remotely_sensed_bioclimatic_variables_for_ecological_modelling,MerraCLIM_1990s__BIO14_=_Precipitation_of_driest_month:_minimum,1990-1999,,,,,,,,
MERRAclimmin_90s_bio15,MERRAclim:_high-resolution_global_dataset_of_remotely_sensed_bioclimatic_variables_for_ecological_modelling,MerraCLIM_1990s__BIO15_=_Precipitation_seasonality_(coefficient_of_variation):_minimum,1990-1999,,,,,,,,
MERRAclimmin_90s_bio16,MERRAclim:_high-resolution_global_dataset_of_remotely_sensed_bioclimatic_variables_for_ecological_modelling,MerraCLIM_1990s__BIO16_=_Precipitation_of_wettest_quarter:_minimum,1990-1999,,,,,,,,
MERRAclimmin_90s_bio17,MERRAclim:_high-resolution_global_dataset_of_remotely_sensed_bioclimatic_variables_for_ecological_modelling,MerraCLIM_1990s__BIO17_=_Precipitation_of_driest_quarter:_minimum,1990-1999,,,,,,,,
MERRAclimmin_90s_bio18,MERRAclim:_high-resolution_global_dataset_of_remotely_sensed_bioclimatic_variables_for_ecological_modelling,MerraCLIM_1990s__BIO18_=_Precipitation_of_warmest_quarter:_minimum,1990-1999,,,,,,,,
MERRAclimmin_90s_bio19,MERRAclim:_high-resolution_global_dataset_of_remotely_sensed_bioclimatic_variables_for_ecological_modelling,MerraCLIM_1990s__BIO19_=_Precipitation_of_coldest_quarter:_minimum,1990-1999,,,,,,,,
MERRAclimmin_00s_bio1,MERRAclim:_high-resolution_global_dataset_of_remotely_sensed_bioclimatic_variables_for_ecological_modelling,MerraCLIM_2000s_BIO1_=_Annual__temperature:_mean,2000-2009,,,,,,,,
MERRAclimmin_00s_bio2,MERRAclim:_high-resolution_global_dataset_of_remotely_sensed_bioclimatic_variables_for_ecological_modelling,MerraCLIM_2000s__BIO2_=_Mean_diurnal_range:_mean,2000-2009,,,,,,,,
MERRAclimmin_00s_bio3,MERRAclim:_high-resolution_global_dataset_of_remotely_sensed_bioclimatic_variables_for_ecological_modelling,MerraCLIM_2000s__BIO3_=_Isothermality:_mean,2000-2009,,,,,,,,
MERRAclimmin_00s_bio4,MERRAclim:_high-resolution_global_dataset_of_remotely_sensed_bioclimatic_variables_for_ecological_modelling,MerraCLIM_2000s__BIO4_=_Temperature_seasonality:_mean,2000-2009,,,,,,,,
MERRAclimmin_00s_bio5,MERRAclim:_high-resolution_global_dataset_of_remotely_sensed_bioclimatic_variables_for_ecological_modelling,MerraCLIM_2000s__BIO5_=_Max_temperature_of_warmest_month:_mean,2000-2009,,,,,,,,
MERRAclimmin_00s_bio6,MERRAclim:_high-resolution_global_dataset_of_remotely_sensed_bioclimatic_variables_for_ecological_modelling,MerraCLIM_2000s__BIO6_=_Min_temperature_of_coldest_month:_mean,2000-2009,,,,,,,,
MERRAclimmin_00s_bio7,MERRAclim:_high-resolution_global_dataset_of_remotely_sensed_bioclimatic_variables_for_ecological_modelling,MerraCLIM_2000s__BIO7_=_Temperature_annual_range:_mean,2000-2009,,,,,,,,
MERRAclimmin_00s_bio8,MERRAclim:_high-resolution_global_dataset_of_remotely_sensed_bioclimatic_variables_for_ecological_modelling,MerraCLIM_2000s__BIO8_=_Mean_temperature_of_wettest_quarter:_mean,2000-2009,,,,,,,,
MERRAclimmin_00s_bio9,MERRAclim:_high-resolution_global_dataset_of_remotely_sensed_bioclimatic_variables_for_ecological_modelling,MerraCLIM_2000s__BIO9_=_Mean_temperature_of_driest_quarter:_mean,2000-2009,,,,,,,,
MERRAclimmin_00s_bio10,MERRAclim:_high-resolution_global_dataset_of_remotely_sensed_bioclimatic_variables_for_ecological_modelling,MerraCLIM_2000s__BIO10_=_Mean_temperature_of_warmest_quarter:_mean,2000-2009,,,,,,,,
MERRAclimmin_00s_bio11,MERRAclim:_high-resolution_global_dataset_of_remotely_sensed_bioclimatic_variables_for_ecological_modelling,MerraCLIM_2000s__BIO11_=_Mean_temperature_of_coldest_quarter:_mean,2000-2009,,,,,,,,
MERRAclimmin_00s_bio12,MERRAclim:_high-resolution_global_dataset_of_remotely_sensed_bioclimatic_variables_for_ecological_modelling,MerraCLIM_2000s__BIO12_=_Annual_precipitation:_mean,2000-2009,,,,,,,,
MERRAclimmin_00s_bio13,MERRAclim:_high-resolution_global_dataset_of_remotely_sensed_bioclimatic_variables_for_ecological_modelling,MerraCLIM_2000s__BIO13_=_Precipitation_of_wettest_month:_mean,2000-2009,,,,,,,,
MERRAclimmin_00s_bio14,MERRAclim:_high-resolution_global_dataset_of_remotely_sensed_bioclimatic_variables_for_ecological_modelling,MerraCLIM_2000s__BIO14_=_Precipitation_of_driest_month:_mean,2000-2009,,,,,,,,
MERRAclimmin_00s_bio15,MERRAclim:_high-resolution_global_dataset_of_remotely_sensed_bioclimatic_variables_for_ecological_modelling,MerraCLIM_2000s__BIO15_=_Precipitation_seasonality_(coefficient_of_variation):_mean,2000-2009,,,,,,,,
MERRAclimmin_00s_bio16,MERRAclim:_high-resolution_global_dataset_of_remotely_sensed_bioclimatic_variables_for_ecological_modelling,MerraCLIM_2000s__BIO16_=_Precipitation_of_wettest_quarter:_mean,2000-2009,,,,,,,,
MERRAclimmin_00s_bio17,MERRAclim:_high-resolution_global_dataset_of_remotely_sensed_bioclimatic_variables_for_ecological_modelling,MerraCLIM_2000s__BIO17_=_Precipitation_of_driest_quarter:_mean,2000-2009,,,,,,,,
MERRAclimmin_00s_bio18,MERRAclim:_high-resolution_global_dataset_of_remotely_sensed_bioclimatic_variables_for_ecological_modelling,MerraCLIM_2000s__BIO18_=_Precipitation_of_warmest_quarter:_mean,2000-2009,,,,,,,,
MERRAclimmin_00s_bio19,MERRAclim:_high-resolution_global_dataset_of_remotely_sensed_bioclimatic_variables_for_ecological_modelling,MerraCLIM_2000s__BIO19_=_Precipitation_of_coldest_quarter:_mean,2000-2009,,,,,,,,
ORNL_aboveground_biomass,Global aboveground and belowground biomass carbon density maps for the year 2010,Aboveground  biomass carbon density,2010,,,,,,,,
ORNL_belowground_biomass,Global aboveground and belowground biomass carbon density maps for the year 2010,Aboveground  biomass carbon density,2010,,,,,,,,
Envirem_annual_PET,ENVIREM:_ENVIronmental_Rasters_for_Ecological_Modeling_version_1.0,Envirem_annual_PET,1960-1990,,,,,,,,
Envirem_Aridity_Index_Thornthwaite,ENVIREM:_ENVIronmental_Rasters_for_Ecological_Modeling_version_1.0,Envirem_Aridity_Index_Thornthwaite,1960-1990,,,,,,,,
Envirem_Climatic_Moisture_Index,ENVIREM:_ENVIronmental_Rasters_for_Ecological_Modeling_version_1.0,Envirem_Climatic_Moisture_Index,1960-1990,,,,,,,,
Envirem_Continentality,ENVIREM:_ENVIronmental_Rasters_for_Ecological_Modeling_version_1.0,Envirem_Continentality,1960-1990,,,,,,,,
Envirem_Emberger_pluviothermic_quotient,ENVIREM:_ENVIronmental_Rasters_for_Ecological_Modeling_version_1.0,Envirem_Emberger_pluviothermic_quotient,1960-1990,,,,,,,,
Envirem_Growing_Degree_Days_0C,ENVIREM:_ENVIronmental_Rasters_for_Ecological_Modeling_version_1.0,Envirem_Growing_Degree_Days_0C,1960-1990,,,,,,,,
Envirem_Growing_Degree_Days_5C,ENVIREM:_ENVIronmental_Rasters_for_Ecological_Modeling_version_1.0,Envirem_Growing_Degree_Days_5C,1960-1990,,,,,,,,
Envirem_Max_Temp_Coldest_Month,ENVIREM:_ENVIronmental_Rasters_for_Ecological_Modeling_version_1.0,Envirem_Max_Temp_Coldest_Month,1960-1990,,,,,,,,
Envirem_Min_Temp_Warmest_Month,ENVIREM:_ENVIronmental_Rasters_for_Ecological_Modeling_version_1.0,Envirem_Min_Temp_Warmest_Month,1960-1990,,,,,,,,
Envirem_Month_Count_By_Temp_10C,ENVIREM:_ENVIronmental_Rasters_for_Ecological_Modeling_version_1.0,Envirem_Month_Count_By_Temp_10C,1960-1990,,,,,,,,
Envirem_PET_Coldest_Quarter,ENVIREM:_ENVIronmental_Rasters_for_Ecological_Modeling_version_1.0,Envirem_PET_Coldest_Quarter,1960-1990,,,,,,,,
Envirem_PET_Driest_Quarter,ENVIREM:_ENVIronmental_Rasters_for_Ecological_Modeling_version_1.0,Envirem_PET_Driest_Quarter,1960-1990,,,,,,,,
Envirem_PET_seasonality,ENVIREM:_ENVIronmental_Rasters_for_Ecological_Modeling_version_1.0,Envirem_PET_seasonality,1960-1990,,,,,,,,
Envirem_PET_Warmest_Quarter,ENVIREM:_ENVIronmental_Rasters_for_Ecological_Modeling_version_1.0,Envirem_PET_Warmest_Quarter,1960-1990,,,,,,,,
Envirem_PET_Wettest_Quarter,ENVIREM:_ENVIronmental_Rasters_for_Ecological_Modeling_version_1.0,Envirem_PET_Wettest_Quarter,1960-1990,,,,,,,,
Envirem_Thermicity_Index,ENVIREM:_ENVIronmental_Rasters_for_Ecological_Modeling_version_1.0,Envirem_Thermicity_Index,1960-1990,,,,,,,,
GPP_VPM,GPP from Vegetation Photosynthesis Model,GPP based on vegetation phosotynthesis model (VPM),2000-2016,,,,,,,,
ESACCI_Aboveground_biomass,ESA CCI Biomass Climate Change Initiative (CCI) ,ESACCI_Aboveground biomass,2017,,,,,,,,
GISS_Global_temperature_anomaly_monthly_spring,NASA’s Goddard Institute for Space Studies’ (GISS),GISS_Global_temperature_anomaly_monthly_spring,2001-2009,,,,,,,,
GISS_Global_temperature_anomaly_montly_summer,NASA’s Goddard Institute for Space Studies’ (GISS),GISS_Global_temperature_anomaly_montly_summer,2001-2009,,,,,,,,
GISS_Global_temperature_anomaly_yearly,NASA’s Goddard Institute for Space Studies’ (GISS),GISS_Global_temperature_anomaly_yearly,2001-2009,,,,,,,,
MODIS_Global_Terrestrial_Drought_Severity_Index,NTSG_UMT_MODIS_Global_Terrestrial_Drought_Severity_Index,MODIS_Global_Terrestrial_Drought_Severity_Index_annual,2001-2009,,,,,,,,
Soil_salinity_Ece,Soil_salinity_Ece_10.17632_v9mgbmtnf2.1,Soil_salinity_Ece,2010-2018,,,,,,,,
Soil_sodicity_ESP,Soil_sodicity_ESP_10.17632_v9mgbmtnf2.1,Soil_sodicity_ESP,2010-2018,,,,,,,,
GTOPO30_Elevation,USGS EROS Archive,GTOPO30_Elevation,2010,,,,,,,,
Elevation_CGIAR_CSI_SRTM,SRTM 90m Digital Elevation Database v4.1,Elevation_CGIAR_CSI_SRTM,2008,,,,,,,,
GDEM_Global_Digital_Elevation_Map,ASTER GDEM V3,GDEM_Global_Digital_Elevation_Map,2019,,,,,,,,
ODIAC_Fossil_suel_emissions_spring,ODIAC Fossil Fuel CO2 Emissions Dataset,ODIAC_Fossil_suel_emissions_spring,2000-2009,,,,,,,,
ODIAC_Fossil_suel_emissions_summer,ODIAC Fossil Fuel CO2 Emissions Dataset,ODIAC_Fossil_suel_emissions_summer,2000-2009,,,,,,,,
Annual_heterotrophic_respiration_Lamberty_2004,Global Gridded 1-km Annual Soil Respiration and Uncertainty Derived from SRDB V3,Annual heterotrophic_respiration_Lamberty_2004,1961-2011,,,,,,,,
Annual_heterotrophic_resp_Subke_2006,Global Gridded 1-km Annual Soil Respiration and Uncertainty Derived from SRDB V3,heterotrophic_resp_Subke_2006,1961-2011,,,,,,,,
Annual_soil_respiration,Global Gridded 1-km Annual Soil Respiration and Uncertainty Derived from SRDB V3,Annual soil respiration,1961-2011,,,,,,,,
WaterDepletionCat_WG3,EARTHSTAT,WaterGAP3_Water_depletion,1971–2000,,,,,,,,
Per_Food_Kilocalorie_Emissions_From_Croplands,EARTHSTAT,Per Food Kilocalorie Emissions From Croplands,2000,,,,,,,,
Per_Kilocalorie_Emissions_From_Croplands,EARTHSTAT,Per Kilocalorie Emissions From Croplands,2000,,,,,,,,
Total_Emissions_from_Croplands,EARTHSTAT,Total Emissions from Croplands,2000,,,,,,,,
Nitrogen_Balance_On_Landscape,EARTHSTAT,Nitrogen Balance On Landscape,2000,,,,,,,,
PhosphorusBalanceOnLandscape,EARTHSTAT,PhosphorusBalanceOnLandscape,2000,,,,,,,,
Carbon_storage,EARTHSTAT,Carbon Stocks in Potential Natural Vegetation,2008,,,,,,,,
Global_distribution_of_soil_phosphorus_retention_potential,ISRIC_World_Soil_information,Global_distribution_of_soil_phosphorus_retention_potential,2011,,,,,,,,
GOSIF_GPP_Spring,UNH Global Ecology Group Data Repository,OCO-2-based SIF product GPP Spring,2001-2010,,,,,,,,
GOSIF_GPP_Summer,UNH Global Ecology Group Data Repository,OCO-2-based SIF product GPP Wummer,2001-2010,,,,,,,,
CGIAR_Global_aridity_index,CGIAR_CSI_Global aridity and potential evapotranspiration climate database,CGIAR_Global_aridity_index,1970-2000,,,,,,,,
CGIAR_Global_Reference_Evapotranspiration_Spring,CGIAR_CSI_Global aridity and potential evapotranspiration climate database,CGIAR_Global_Reference_Evapotranspiration_Spring,1970-2000,,,,,,,,
CGIAR_Global_Reference_Evapotranspiration_Summer,CGIAR_CSI_Global aridity and potential evapotranspiration climate database,CGIAR_Global_Reference_Evapotranspiration_Summer,1970-2000,,,,,,,,
CGIAR_Global_Reference_Evapotranspiration,CGIAR_CSI_Global aridity and potential evapotranspiration climate database,CGIAR_Global_Reference_Evapotranspiration,1970-2000,,,,,,,,
EDO_SPI_summer,European_Drought_Observatory,Standardized Precipitation Index,2000_2009,,,,,,,,
EDO_SPI_spring,European_Drought_Observatory,Standardized Precipitation Index,2000_2009,,,,,,,,
EDO_FAPAR_Spring,European_Drought_Observatory,Fraction of Absorbed Photosynthetically Active Radiation,2000_2009,,,,,,,,
EDO_FAPAR_Summer,European_Drought_Observatory,Fraction of Absorbed Photosynthetically Active Radiation,2000_2009,,,,,,,,
CMCC_BIOCLIM_BIO1,CMCC-BioClimInd,BIO1 = Annual mean temperature,1960–1999,,,,,,,,
CMCC_BIOCLIM_BIO2,CMCC-BioClimInd,BIO2 = Mean diurnal range,1960–1999,,,,,,,,
CMCC_BIOCLIM_BIO3,CMCC-BioClimInd,BIO3 = Isothermality,1960–1999,,,,,,,,
CMCC_BIOCLIM_BIO4,CMCC-BioClimInd,BIO4 = Temperature seasonality,1960–1999,,,,,,,,
CMCC_BIOCLIM_BIO5,CMCC-BioClimInd,BIO5 = Max temperature of warmest month,1960–1999,,,,,,,,
CMCC_BIOCLIM_BIO6,CMCC-BioClimInd,BIO6 = Min temperature of coldest month,1960–1999,,,,,,,,
CMCC_BIOCLIM_BIO7,CMCC-BioClimInd,BIO7 = Temperature annual range,1960–1999,,,,,,,,
CMCC_BIOCLIM_BIO8,CMCC-BioClimInd,BIO8 = Mean temperature of wettest quarter,1960–1999,,,,,,,,
CMCC_BIOCLIM_BIO9,CMCC-BioClimInd,BIO9 = Mean temperature of driest quarter,1960–1999,,,,,,,,
CMCC_BIOCLIM_BIO10,CMCC-BioClimInd,BIO10 = Mean temperature of warmest quarter,1960–1999,,,,,,,,
CMCC_BIOCLIM_BIO11,CMCC-BioClimInd,BIO11 = Mean temperature of coldest quarter,1960–1999,,,,,,,,
CMCC_BIOCLIM_BIO12,CMCC-BioClimInd,BIO12 = Annual precipitation,1960–1999,,,,,,,,
CMCC_BIOCLIM_BIO13,CMCC-BioClimInd,BIO13 = Precipitation of wettest month,1960–1999,,,,,,,,
CMCC_BIOCLIM_BIO14,CMCC-BioClimInd,BIO14 = Precipitation of driest month,1960–1999,,,,,,,,
CMCC_BIOCLIM_BIO15,CMCC-BioClimInd,BIO15 = Precipitation seasonality,1960–1999,,,,,,,,
CMCC_BIOCLIM_BIO16,CMCC-BioClimInd,BIO16 = Precipitation of wettest quarter,1960–1999,,,,,,,,
CMCC_BIOCLIM_BIO17,CMCC-BioClimInd,BIO17 = Precipitation of driest quarter,1960–1999,,,,,,,,
CMCC_BIOCLIM_BIO18,CMCC-BioClimInd,BIO18 = Precipitation of warmest quarter,1960–1999,,,,,,,,
CMCC_BIOCLIM_BIO19,CMCC-BioClimInd,BIO19 = Precipitation of coldest quarter,1960–1999,,,,,,,,
CMCC_BIOCLIM_BIO20,CMCC-BioClimInd,BIO20 = Ellenberg quotient,1960–1999,,,,,,,,
CMCC_BIOCLIM_BIO21,CMCC-BioClimInd,BIO21 = Yearly positive temperature,1960–1999,,,,,,,,
CMCC_BIOCLIM_BIO22,CMCC-BioClimInd,BIO22 = Sum of annual temperature,1960–1999,,,,,,,,
CMCC_BIOCLIM_BIO23,CMCC-BioClimInd,BIO23 = Ombrotermic index,1960–1999,,,,,,,,
CMCC_BIOCLIM_BIO24,CMCC-BioClimInd,BIO24 = Yearly positive precipitation,1960–1999,,,,,,,,
CMCC_BIOCLIM_BIO25,CMCC-BioClimInd,BIO25 = Modified Kira coldness index,1960–1999,,,,,,,,
CMCC_BIOCLIM_BIO26,CMCC-BioClimInd,BIO26 = Modified Kira warmth index,1960–1999,,,,,,,,
CMCC_BIOCLIM_BIO27,CMCC-BioClimInd,BIO27 = Simplified continentality index,1960–1999,,,,,,,,
CMCC_BIOCLIM_BIO28,CMCC-BioClimInd,BIO28 = Mean temperature of warmest month,1960–1999,,,,,,,,
CMCC_BIOCLIM_BIO29,CMCC-BioClimInd,BIO29 = Mean temperature of coldest month,1960–1999,,,,,,,,
CMCC_BIOCLIM_BIO30,CMCC-BioClimInd,BIO30 = Mean temperature of driest month,1960–1999,,,,,,,,
CMCC_BIOCLIM_BIO31,CMCC-BioClimInd,BIO31 = Mean temperature of wettest month,1960–1999,,,,,,,,
CMCC_BIOCLIM_BIO32,CMCC-BioClimInd,BIO32 = Modified Thermicity index,1960–1999,,,,,,,,
CMCC_BIOCLIM_BIO33,CMCC-BioClimInd,BIO33 = Ombrothermic index of summer and the previous month,1960–1999,,,,,,,,
CMCC_BIOCLIM_BIO34,CMCC-BioClimInd,BIO34 = Potential Evapotranspiration Hargreaves,1960–1999,,,,,,,,
CMCC_BIOCLIM_BIO35,CMCC-BioClimInd,BIO35 = Potential Evapotranspiration Thornthwaite,1960–1999,,,,,,,,